symbol	blocked	funding_pct	price	next_funding_time_utc	status
BTC-USDT	0	-0.024600	74078.600000	2026-04-15 00:00:00 UTC	ok
ETH-USDT	0	-0.011300	2314.180000	2026-04-15 00:00:00 UTC	ok
LINK-USDT	0	-0.002000	8.996000	2026-04-15 00:00:00 UTC	ok
BCH-USDT	0	-0.014100	434.590000	2026-04-15 00:00:00 UTC	ok
ADA-USDT	0	-0.007800	0.240400	2026-04-15 00:00:00 UTC	ok
XRP-USDT	0	0.004000	1.355700	2026-04-15 00:00:00 UTC	ok
LTC-USDT	0	0.010000	54.290000	2026-04-15 00:00:00 UTC	ok
DOT-USDT	0	-0.108000	1.155000	2026-04-15 00:00:00 UTC	ok
AVAX-USDT	0	0.004000	9.329000	2026-04-15 00:00:00 UTC	ok
THETA-USDT	0	-0.004800	0.174700	2026-04-15 00:00:00 UTC	ok
ALGO-USDT	0	0.010000	0.106800	2026-04-15 00:00:00 UTC	ok
AXS-USDT	0	-0.006100	1.092000	2026-04-15 00:00:00 UTC	ok
DYDX-USDT	0	0.010000	0.094450	2026-04-15 00:00:00 UTC	ok
SHIB-USDT	0	-0.016100	0.000006	2026-04-15 00:00:00 UTC	ok
ICP-USDT	0	0.006300	2.414000	2026-04-15 00:00:00 UTC	ok
SAND-USDT	0	0.000000	0.076000	2026-04-15 00:00:00 UTC	ok
KSM-USDT	0	0.010000	4.123000	2026-04-15 00:00:00 UTC	ok
VET-USDT	0	0.010000	0.006854	2026-04-15 00:00:00 UTC	ok
SUSHI-USDT	0	0.010000	0.192100	2026-04-15 00:00:00 UTC	ok
SOL-USDT	0	0.002900	83.583000	2026-04-15 00:00:00 UTC	ok
NEAR-USDT	0	0.010000	1.362600	2026-04-15 00:00:00 UTC	ok
ATOM-USDT	0	0.010000	1.739000	2026-04-15 00:00:00 UTC	ok
BSV-USDT	0	-0.000600	15.340000	2026-04-15 00:00:00 UTC	ok
UNI-USDT	0	-0.014400	3.112000	2026-04-15 00:00:00 UTC	ok
FIL-USDT	0	0.010000	0.884000	2026-04-15 00:00:00 UTC	ok
AAVE-USDT	0	0.003400	97.950000	2026-04-15 00:00:00 UTC	ok
DOGE-USDT	0	0.010000	0.092640	2026-04-15 00:00:00 UTC	ok
ENJ-USDT	0	-0.222900	0.056480	2026-04-14 22:00:00 UTC	ok
MANA-USDT	0	0.010000	0.085700	2026-04-15 00:00:00 UTC	ok
CHZ-USDT	0	0.002400	0.036670	2026-04-15 00:00:00 UTC	ok
TRX-USDT	0	0.005000	0.323320	2026-04-15 00:00:00 UTC	ok
SKL-USDT	0	0.005000	0.006210	2026-04-15 00:00:00 UTC	ok
ZRX-USDT	0	0.005000	0.105600	2026-04-15 00:00:00 UTC	ok
SNX-USDT	0	0.010000	0.283000	2026-04-15 00:00:00 UTC	ok
CRV-USDT	0	0.010000	0.212500	2026-04-15 00:00:00 UTC	ok
YFI-USDT	0	-0.005200	2538.000000	2026-04-15 00:00:00 UTC	ok
1INCH-USDT	0	0.010000	0.093000	2026-04-15 00:00:00 UTC	ok
COMP-USDT	0	-0.025800	21.180000	2026-04-15 00:00:00 UTC	ok
GRT-USDT	0	0.010000	0.023830	2026-04-15 00:00:00 UTC	ok
MASK-USDT	0	0.005000	0.427800	2026-04-15 00:00:00 UTC	ok
AR-USDT	0	0.010000	1.733000	2026-04-15 00:00:00 UTC	ok
ENS-USDT	0	0.010000	5.729000	2026-04-15 00:00:00 UTC	ok
BAT-USDT	0	0.010000	0.094900	2026-04-15 00:00:00 UTC	ok
STORJ-USDT	0	0.003500	0.097100	2026-04-15 00:00:00 UTC	ok
IMX-USDT	0	-0.001000	0.144600	2026-04-15 00:00:00 UTC	ok
XLM-USDT	0	0.001500	0.154470	2026-04-15 00:00:00 UTC	ok
ZEC-USDT	0	0.010000	348.590000	2026-04-15 00:00:00 UTC	ok
DASH-USDT	0	0.010000	38.230000	2026-04-15 00:00:00 UTC	ok
XMR-USDT	0	0.010000	346.950000	2026-04-15 00:00:00 UTC	ok
WAVES-USDT	0	0.010000	0.407800	2026-04-15 00:00:00 UTC	ok
ONT-USDT	0	-0.003100	0.077100	2026-04-15 00:00:00 UTC	ok
ONE-USDT	0	0.010000	0.002080	2026-04-15 00:00:00 UTC	ok
EGLD-USDT	0	0.010000	3.740000	2026-04-15 00:00:00 UTC	ok
HBAR-USDT	0	-0.010900	0.084750	2026-04-15 00:00:00 UTC	ok
CELO-USDT	0	0.010000	0.079000	2026-04-15 00:00:00 UTC	ok
KAVA-USDT	0	0.005000	0.052100	2026-04-15 00:00:00 UTC	ok
BNB-USDT	0	-0.012400	613.810000	2026-04-15 00:00:00 UTC	ok
GALA-USDT	0	0.000500	0.002930	2026-04-15 00:00:00 UTC	ok
YGG-USDT	0	0.005000	0.037220	2026-04-15 00:00:00 UTC	ok
ALICE-USDT	0	0.005000	0.112800	2026-04-15 00:00:00 UTC	ok
CHR-USDT	0	0.010000	0.017780	2026-04-15 00:00:00 UTC	ok
APE-USDT	0	-0.002800	0.087000	2026-04-15 00:00:00 UTC	ok
RSR-USDT	0	0.010000	0.001483	2026-04-15 00:00:00 UTC	ok
KNC-USDT	0	0.010000	0.132600	2026-04-15 00:00:00 UTC	ok
FLOW-USDT	0	0.005000	0.034300	2026-04-15 00:00:00 UTC	ok
GMT-USDT	0	0.005000	0.010440	2026-04-15 00:00:00 UTC	ok
RUNE-USDT	0	-0.000800	0.400400	2026-04-15 00:00:00 UTC	ok
RVN-USDT	0	0.005000	0.005600	2026-04-15 00:00:00 UTC	ok
NEO-USDT	0	-0.009100	2.805000	2026-04-15 00:00:00 UTC	ok
IOST-USDT	0	-0.002900	0.001067	2026-04-15 00:00:00 UTC	ok
ETC-USDT	0	-0.003800	8.292000	2026-04-15 00:00:00 UTC	ok
ROSE-USDT	0	0.010000	0.010320	2026-04-15 00:00:00 UTC	ok
MINA-USDT	0	0.010000	0.056500	2026-04-15 00:00:00 UTC	ok
CFX-USDT	0	0.007800	0.052840	2026-04-15 00:00:00 UTC	ok
API3-USDT	0	0.005000	0.280000	2026-04-15 00:00:00 UTC	ok
AGLD-USDT	0	0.010000	0.246100	2026-04-15 00:00:00 UTC	ok
SLP-USDT	0	0.005000	0.000607	2026-04-15 00:00:00 UTC	ok
JASMY-USDT	0	0.010000	0.005261	2026-04-15 00:00:00 UTC	ok
CTK-USDT	0	0.005000	0.172800	2026-04-15 00:00:00 UTC	ok
MTL-USDT	0	0.010000	0.285100	2026-04-15 00:00:00 UTC	ok
PEOPLE-USDT	0	0.005800	0.007050	2026-04-15 00:00:00 UTC	ok
ANKR-USDT	0	-0.009300	0.005032	2026-04-15 00:00:00 UTC	ok
WOO-USDT	0	0.010000	0.017210	2026-04-15 00:00:00 UTC	ok
CRO-USDT	0	0.010000	0.068790	2026-04-15 00:00:00 UTC	ok
LUNA-USDT	0	0.005000	0.054340	2026-04-15 00:00:00 UTC	ok
OP-USDT	0	-0.001200	0.110300	2026-04-15 00:00:00 UTC	ok
LDO-USDT	0	0.010000	0.347200	2026-04-15 00:00:00 UTC	ok
STG-USDT	0	0.010000	0.224100	2026-04-15 00:00:00 UTC	ok
INJ-USDT	0	0.001000	2.963000	2026-04-15 00:00:00 UTC	ok
APT-USDT	0	0.010000	0.853300	2026-04-15 00:00:00 UTC	ok
QNT-USDT	0	0.010000	73.610000	2026-04-15 00:00:00 UTC	ok
ARPA-USDT	0	0.010000	0.009260	2026-04-15 00:00:00 UTC	ok
SFP-USDT	0	0.007000	0.295700	2026-04-15 00:00:00 UTC	ok
TONCOIN-USDT	0	0.005000	1.376000	2026-04-15 00:00:00 UTC	ok
MAGIC-USDT	0	0.005000	0.060500	2026-04-15 00:00:00 UTC	ok
FET-USDT	0	-0.092600	0.226600	2026-04-15 00:00:00 UTC	ok
GMX-USDT	0	0.010000	6.029000	2026-04-15 00:00:00 UTC	ok
HIGH-USDT	0	0.010000	0.113000	2026-04-15 00:00:00 UTC	ok
COTI-USDT	0	0.010000	0.013220	2026-04-15 00:00:00 UTC	ok
METIS-USDT	0	0.005000	3.033000	2026-04-15 00:00:00 UTC	ok
ASTR-USDT	0	0.010000	0.007442	2026-04-15 00:00:00 UTC	ok
DUSK-USDT	0	0.005000	0.146610	2026-04-15 00:00:00 UTC	ok
BLUR-USDT	0	-0.018100	0.020310	2026-04-15 00:00:00 UTC	ok
PHB-USDT	0	0.061100	0.091300	2026-04-15 00:00:00 UTC	ok
STX-USDT	0	0.010000	0.217700	2026-04-15 00:00:00 UTC	ok
ACH-USDT	0	0.010000	0.005954	2026-04-15 00:00:00 UTC	ok
TRB-USDT	0	0.005000	15.226000	2026-04-15 00:00:00 UTC	ok
FLOKI-USDT	0	-0.002300	0.000028	2026-04-15 00:00:00 UTC	ok
ILV-USDT	0	-0.006300	4.153000	2026-04-15 00:00:00 UTC	ok
ZEN-USDT	0	0.005900	5.624000	2026-04-15 00:00:00 UTC	ok
SCRT-USDT	0	0.005000	0.084800	2026-04-15 00:00:00 UTC	ok
RLC-USDT	0	0.010000	0.406100	2026-04-15 00:00:00 UTC	ok
LPT-USDT	0	0.003500	2.063000	2026-04-15 00:00:00 UTC	ok
CKB-USDT	0	0.010000	0.001466	2026-04-15 00:00:00 UTC	ok
QTUM-USDT	0	0.010000	0.893000	2026-04-15 00:00:00 UTC	ok
SUN-USDT	0	0.005000	0.018023	2026-04-15 00:00:00 UTC	ok
IOTA-USDT	0	0.010000	0.054700	2026-04-15 00:00:00 UTC	ok
SSV-USDT	0	0.010000	2.168000	2026-04-15 00:00:00 UTC	ok
TLM-USDT	0	0.003500	0.001626	2026-04-15 00:00:00 UTC	ok
TWT-USDT	0	0.004500	0.400700	2026-04-15 00:00:00 UTC	ok
TRU-USDT	0	-0.137300	0.006850	2026-04-15 00:00:00 UTC	ok
LQTY-USDT	0	0.010000	0.275500	2026-04-15 00:00:00 UTC	ok
ID-USDT	0	-0.018400	0.030900	2026-04-15 00:00:00 UTC	ok
ARB-USDT	0	0.010000	0.109400	2026-04-15 00:00:00 UTC	ok
EDU-USDT	0	0.010000	0.047200	2026-04-15 00:00:00 UTC	ok
SUI-USDT	0	0.004400	0.928500	2026-04-15 00:00:00 UTC	ok
TURBO-USDT	0	-0.003400	0.001018	2026-04-15 00:00:00 UTC	ok
ORDI-USDT	0	0.005000	2.425000	2026-04-15 00:00:00 UTC	ok
UMA-USDT	0	0.005000	0.412500	2026-04-15 00:00:00 UTC	ok
OKB-USDT	0	-0.001100	85.200000	2026-04-15 00:00:00 UTC	ok
NMR-USDT	0	0.005000	8.460000	2026-04-15 00:00:00 UTC	ok
MAV-USDT	0	0.010000	0.014040	2026-04-15 00:00:00 UTC	ok
WLD-USDT	0	0.005400	0.295800	2026-04-15 00:00:00 UTC	ok
PENDLE-USDT	0	0.010000	1.038000	2026-04-15 00:00:00 UTC	ok
ARKM-USDT	0	0.010000	0.098900	2026-04-15 00:00:00 UTC	ok
CYBER-USDT	0	0.005000	0.498800	2026-04-15 00:00:00 UTC	ok
SEI-USDT	0	-0.007400	0.054300	2026-04-15 00:00:00 UTC	ok
1000PEPE-USDT	0	-0.002600	0.003585	2026-04-15 00:00:00 UTC	ok
ARK-USDT	0	-0.032400	0.167900	2026-04-15 00:00:00 UTC	ok
KAS-USDT	0	0.005000	0.032390	2026-04-15 00:00:00 UTC	ok
BIGTIME-USDT	0	0.005000	0.012400	2026-04-15 00:00:00 UTC	ok
POLYX-USDT	0	-0.019600	0.052110	2026-04-15 00:00:00 UTC	ok
GAS-USDT	0	-0.003000	1.663000	2026-04-15 00:00:00 UTC	ok
TIA-USDT	0	0.005000	0.304500	2026-04-15 00:00:00 UTC	ok
CAKE-USDT	0	0.005000	1.561500	2026-04-15 00:00:00 UTC	ok
MEME-USDT	0	0.005000	0.000508	2026-04-15 00:00:00 UTC	ok
10000SATS-USDT	0	0.005000	0.000112	2026-04-15 00:00:00 UTC	ok
BEAM-USDT	0	0.005000	0.001849	2026-04-15 00:00:00 UTC	ok
RATS-USDT	0	0.005000	0.000036	2026-04-15 00:00:00 UTC	ok
PYTH-USDT	0	-0.018100	0.042390	2026-04-15 00:00:00 UTC	ok
1000BONK-USDT	0	0.005000	0.005813	2026-04-15 00:00:00 UTC	ok
SUPER-USDT	0	-0.014600	0.115000	2026-04-15 00:00:00 UTC	ok
ONG-USDT	0	-0.003900	0.082650	2026-04-15 00:00:00 UTC	ok
AXL-USDT	0	0.005000	0.044700	2026-04-15 00:00:00 UTC	ok
JTO-USDT	0	-0.025800	0.306800	2026-04-15 00:00:00 UTC	ok
AUCTION-USDT	0	0.005000	4.733000	2026-04-15 00:00:00 UTC	ok
ACE-USDT	0	0.005000	0.115500	2026-04-15 00:00:00 UTC	ok
MOVR-USDT	0	0.005000	1.174000	2026-04-15 00:00:00 UTC	ok
NFP-USDT	0	0.005000	0.013300	2026-04-15 00:00:00 UTC	ok
CETUS-USDT	0	0.005000	0.019440	2026-04-15 00:00:00 UTC	ok
XAI-USDT	0	0.005000	0.009360	2026-04-15 00:00:00 UTC	ok
WIF-USDT	0	0.005000	0.191200	2026-04-15 00:00:00 UTC	ok
MANTA-USDT	0	-0.018100	0.064860	2026-04-15 00:00:00 UTC	ok
ONDO-USDT	0	0.005000	0.249700	2026-04-15 00:00:00 UTC	ok
LSK-USDT	0	-0.016200	0.124200	2026-04-15 00:00:00 UTC	ok
ALT-USDT	0	0.000100	0.006720	2026-04-15 00:00:00 UTC	ok
TAO-USDT	0	0.005000	240.010000	2026-04-15 00:00:00 UTC	ok
JUP-USDT	0	0.005000	0.164700	2026-04-15 00:00:00 UTC	ok
ZETA-USDT	0	0.005000	0.049490	2026-04-15 00:00:00 UTC	ok
DYM-USDT	0	0.005000	0.016870	2026-04-15 00:00:00 UTC	ok
PIXEL-USDT	0	0.005000	0.008483	2026-04-15 00:00:00 UTC	ok
MAVIA-USDT	0	0.009200	0.031590	2026-04-15 00:00:00 UTC	ok
STRK-USDT	0	0.002100	0.032100	2026-04-15 00:00:00 UTC	ok
GLM-USDT	0	0.005000	0.124390	2026-04-15 00:00:00 UTC	ok
PORTAL-USDT	0	0.005000	0.008380	2026-04-15 00:00:00 UTC	ok
AEVO-USDT	0	0.005000	0.022610	2026-04-15 00:00:00 UTC	ok
VANRY-USDT	0	0.005000	0.004919	2026-04-15 00:00:00 UTC	ok
BOME-USDT	0	0.005000	0.000407	2026-04-15 00:00:00 UTC	ok
ETHFI-USDT	0	0.005000	0.419200	2026-04-15 00:00:00 UTC	ok
DEGEN-USDT	0	0.005000	0.000715	2026-04-15 00:00:00 UTC	ok
ENA-USDT	0	0.005000	0.095100	2026-04-15 00:00:00 UTC	ok
W-USDT	0	0.005000	0.011730	2026-04-15 00:00:00 UTC	ok
TNSR-USDT	0	0.002900	0.038700	2026-04-15 00:00:00 UTC	ok
SAGA-USDT	0	0.005000	0.026980	2026-04-15 00:00:00 UTC	ok
MERL-USDT	0	0.005000	0.027950	2026-04-15 00:00:00 UTC	ok
MEW-USDT	0	-0.001600	0.000558	2026-04-15 00:00:00 UTC	ok
REZ-USDT	0	-0.020000	0.003588	2026-04-15 00:00:00 UTC	ok
BB-USDT	0	0.003700	0.024600	2026-04-15 00:00:00 UTC	ok
NOT-USDT	0	0.005000	0.000360	2026-04-15 00:00:00 UTC	ok
IO-USDT	0	0.005000	0.100400	2026-04-15 00:00:00 UTC	ok
1000000BABYDOGE-USDT	0	0.005000	0.000393	2026-04-15 00:00:00 UTC	ok
BRETT-USDT	0	0.005000	0.007000	2026-04-15 00:00:00 UTC	ok
ATH-USDT	0	-0.002800	0.006050	2026-04-15 00:00:00 UTC	ok
BTC-USDC	0	-0.027200	74132.900000	2026-04-15 00:00:00 UTC	ok
ZK-USDT	0	0.005000	0.015200	2026-04-15 00:00:00 UTC	ok
LISTA-USDT	0	0.005000	0.081100	2026-04-15 00:00:00 UTC	ok
ZRO-USDT	0	0.005000	1.905400	2026-04-15 00:00:00 UTC	ok
ETH-USDC	0	-0.012300	2316.150000	2026-04-15 00:00:00 UTC	ok
SOL-USDC	0	0.003200	83.615000	2026-04-15 00:00:00 UTC	ok
DOGE-USDC	0	0.011000	0.092710	2026-04-15 00:00:00 UTC	ok
XRP-USDC	0	0.004400	1.356800	2026-04-15 00:00:00 UTC	ok
BNB-USDC	0	-0.013500	614.260000	2026-04-15 00:00:00 UTC	ok
ORDI-USDC	0	0.005500	2.423000	2026-04-15 00:00:00 UTC	ok
1000PEPE-USDC	0	-0.002900	0.003585	2026-04-15 00:00:00 UTC	ok
WIF-USDC	0	0.005500	0.191500	2026-04-15 00:00:00 UTC	ok
BANANA-USDT	0	0.005000	3.483000	2026-04-15 00:00:00 UTC	ok
RENDER-USDT	0	0.005000	1.825000	2026-04-15 00:00:00 UTC	ok
RARE-USDT	0	0.003500	0.014840	2026-04-15 00:00:00 UTC	ok
G-USDT	0	-0.131100	0.003783	2026-04-15 00:00:00 UTC	ok
SYN-USDT	0	0.005000	0.046250	2026-04-15 00:00:00 UTC	ok
CATI-USDT	0	0.005000	0.047890	2026-04-15 00:00:00 UTC	ok
POPCAT-USDT	0	0.005000	0.049910	2026-04-15 00:00:00 UTC	ok
ORDER-USDT	0	0.005000	0.060000	2026-04-15 00:00:00 UTC	ok
FLUX-USDT	0	0.005000	0.054500	2026-04-15 00:00:00 UTC	ok
POL-USDT	0	0.005000	0.082750	2026-04-15 00:00:00 UTC	ok
AERGO-USDT	0	-0.009900	0.054050	2026-04-15 00:00:00 UTC	ok
NEIROCTO-USDT	0	-0.001800	0.000064	2026-04-15 00:00:00 UTC	ok
RPL-USDT	0	-0.020500	1.785000	2026-04-15 00:00:00 UTC	ok
FIDA-USDT	0	0.005000	0.016530	2026-04-15 00:00:00 UTC	ok
HMSTR-USDT	0	0.005000	0.000146	2026-04-15 00:00:00 UTC	ok
EIGEN-USDT	0	0.005000	0.158300	2026-04-15 00:00:00 UTC	ok
DIA-USDT	0	0.005000	0.174200	2026-04-15 00:00:00 UTC	ok
CARV-USDT	0	0.006000	0.052900	2026-04-15 00:00:00 UTC	ok
1000CAT-USDT	0	0.005000	0.001712	2026-04-15 00:00:00 UTC	ok
GOAT-USDT	0	0.005000	0.014510	2026-04-15 00:00:00 UTC	ok
SAFE-USDT	0	0.005000	0.146000	2026-04-15 00:00:00 UTC	ok
SANTOS-USDT	0	0.005000	1.076000	2026-04-15 00:00:00 UTC	ok
GRASS-USDT	0	0.005000	0.328800	2026-04-15 00:00:00 UTC	ok
MOODENG-USDT	0	0.005000	0.049840	2026-04-15 00:00:00 UTC	ok
KAIA-USDT	0	0.005000	0.046770	2026-04-15 00:00:00 UTC	ok
COW-USDT	0	-0.001500	0.219300	2026-04-15 00:00:00 UTC	ok
1000000MOG-USDT	0	0.005000	0.133100	2026-04-15 00:00:00 UTC	ok
DRIFT-USDT	0	-0.145900	0.044760	2026-04-15 00:00:00 UTC	ok
SPX-USDT	0	0.005000	0.316300	2026-04-15 00:00:00 UTC	ok
ACT-USDT	0	0.027400	0.012830	2026-04-15 00:00:00 UTC	ok
PNUT-USDT	0	0.000800	0.043640	2026-04-15 00:00:00 UTC	ok
RAY-USDT	0	0.010000	0.640100	2026-04-15 00:00:00 UTC	ok
AKT-USDT	0	0.005000	0.452900	2026-04-15 00:00:00 UTC	ok
CHILLGUY-USDT	0	0.005000	0.013647	2026-04-15 00:00:00 UTC	ok
1000CHEEMS-USDT	0	0.005000	0.000499	2026-04-15 00:00:00 UTC	ok
THE-USDT	0	0.003500	0.101200	2026-04-15 00:00:00 UTC	ok
MORPHO-USDT	0	0.000200	1.723800	2026-04-15 00:00:00 UTC	ok
AERO-USDT	0	-0.045500	0.362900	2026-04-15 00:00:00 UTC	ok
MOVE-USDT	0	0.005000	0.016790	2026-04-15 00:00:00 UTC	ok
ME-USDT	0	-0.014000	0.100310	2026-04-15 00:00:00 UTC	ok
DEGO-USDT	0	0.005000	0.268100	2026-04-15 00:00:00 UTC	ok
AVA-USDT	0	0.005000	0.206100	2026-04-15 00:00:00 UTC	ok
VELODROME-USDT	0	0.005000	0.014650	2026-04-15 00:00:00 UTC	ok
VANA-USDT	0	-0.029500	1.269000	2026-04-15 00:00:00 UTC	ok
PENGU-USDT	0	0.004200	0.006761	2026-04-15 00:00:00 UTC	ok
LUMIA-USDT	0	0.005000	0.085700	2026-04-15 00:00:00 UTC	ok
USUAL-USDT	0	0.005000	0.012420	2026-04-15 00:00:00 UTC	ok
HYPE-USDT	0	-0.007100	43.181000	2026-04-15 00:00:00 UTC	ok
ALTCOIN-USDT	0	-0.010000	130.370000	2026-04-15 00:00:00 UTC	ok
HIVE-USDT	0	0.005000	0.058180	2026-04-15 00:00:00 UTC	ok
PHA-USDT	0	0.005000	0.036770	2026-04-15 00:00:00 UTC	ok
AIXBT-USDT	0	0.002300	0.023850	2026-04-15 00:00:00 UTC	ok
VIRTUAL-USDT	0	0.005000	0.666600	2026-04-15 00:00:00 UTC	ok
CGPT-USDT	0	0.005000	0.020500	2026-04-15 00:00:00 UTC	ok
FARTCOIN-USDT	0	0.005000	0.194600	2026-04-15 00:00:00 UTC	ok
KMNO-USDT	0	0.003500	0.020020	2026-04-15 00:00:00 UTC	ok
GRIFFAIN-USDT	0	0.196300	0.013874	2026-04-15 00:00:00 UTC	ok
BIO-USDT	0	0.005000	0.019590	2026-04-15 00:00:00 UTC	ok
SUI-USDC	0	0.004800	0.928620	2026-04-15 00:00:00 UTC	ok
COOKIE-USDT	0	0.005000	0.015590	2026-04-15 00:00:00 UTC	ok
WLD-USDC	0	0.004100	0.295680	2026-04-15 00:00:00 UTC	ok
D-USDT	0	-0.087300	0.010195	2026-04-15 00:00:00 UTC	ok
PROM-USDT	0	0.003500	1.369000	2026-04-15 00:00:00 UTC	ok
S-USDT	0	0.005000	0.040750	2026-04-15 00:00:00 UTC	ok
SOLV-USDT	0	0.005000	0.004170	2026-04-15 00:00:00 UTC	ok
TRUMPSOL-USDT	0	0.005000	2.774000	2026-04-15 00:00:00 UTC	ok
MELANIA-USDT	0	0.005000	0.100000	2026-04-15 00:00:00 UTC	ok
ARC-USDT	0	0.006100	0.070340	2026-04-15 00:00:00 UTC	ok
AVAAI-USDT	0	0.003500	0.008300	2026-04-15 00:00:00 UTC	ok
VINE-USDT	0	0.005700	0.016220	2026-04-15 00:00:00 UTC	ok
ANIME-USDT	0	0.005000	0.004563	2026-04-15 00:00:00 UTC	ok
PIPPIN-USDT	0	0.077700	0.026280	2026-04-15 00:00:00 UTC	ok
TOSHI-USDT	0	0.003500	0.000174	2026-04-15 00:00:00 UTC	ok
VVV-USDT	0	-0.014000	8.781000	2026-04-15 00:00:00 UTC	ok
BERA-USDT	0	-0.018600	0.399800	2026-04-15 00:00:00 UTC	ok
LAYER-USDT	0	0.005000	0.080430	2026-04-15 00:00:00 UTC	ok
IP-USDT	0	-0.021100	0.495110	2026-04-15 00:00:00 UTC	ok
B3-USDT	0	-0.001800	0.000307	2026-04-15 00:00:00 UTC	ok
BROCCOLI-USDT	0	0.023400	0.015810	2026-04-15 00:00:00 UTC	ok
SHELL-USDT	0	0.005000	0.028820	2026-04-15 00:00:00 UTC	ok
GPS-USDT	0	0.005000	0.008755	2026-04-15 00:00:00 UTC	ok
KAITO-USDT	0	0.000100	0.423700	2026-04-15 00:00:00 UTC	ok
PI-USDT	0	0.005000	0.165500	2026-04-15 00:00:00 UTC	ok
REDSTONE-USDT	0	-0.035100	0.138500	2026-04-15 00:00:00 UTC	ok
ARB-USDC	0	0.011000	0.109400	2026-04-15 00:00:00 UTC	ok
LTC-USDC	0	0.011000	54.290000	2026-04-15 00:00:00 UTC	ok
ENA-USDC	0	0.005500	0.095100	2026-04-15 00:00:00 UTC	ok
1000BONK-USDC	0	0.005500	0.005817	2026-04-15 00:00:00 UTC	ok
BCH-USDC	0	-0.014000	434.520000	2026-04-15 00:00:00 UTC	ok
NEAR-USDC	0	0.011000	1.362000	2026-04-15 00:00:00 UTC	ok
LINK-USDC	0	-0.002100	8.996000	2026-04-15 00:00:00 UTC	ok
AVAX-USDC	0	0.004000	9.326000	2026-04-15 00:00:00 UTC	ok
TIA-USDC	0	0.005500	0.304600	2026-04-15 00:00:00 UTC	ok
BOME-USDC	0	0.005500	0.000407	2026-04-15 00:00:00 UTC	ok
MUBARAK-USDT	0	0.005000	0.013460	2026-04-15 00:00:00 UTC	ok
EPIC-USDT	0	0.005000	0.298700	2026-04-15 00:00:00 UTC	ok
FIL-USDC	0	0.011000	0.884000	2026-04-15 00:00:00 UTC	ok
ETHFI-USDC	0	0.005500	0.419200	2026-04-15 00:00:00 UTC	ok
NEO-USDC	0	-0.010000	2.804000	2026-04-15 00:00:00 UTC	ok
POPCAT-USDC	0	0.005500	0.049900	2026-04-15 00:00:00 UTC	ok
ONDO-USDC	0	0.005500	0.249700	2026-04-15 00:00:00 UTC	ok
NOT-USDC	0	0.005500	0.000360	2026-04-15 00:00:00 UTC	ok
FORM-USDT	0	0.005000	0.255500	2026-04-15 00:00:00 UTC	ok
KOMA-USDT	0	0.020800	0.009203	2026-04-15 00:00:00 UTC	ok
TUT-USDT	0	0.005000	0.010850	2026-04-15 00:00:00 UTC	ok
OP-USDC	0	-0.001300	0.110200	2026-04-15 00:00:00 UTC	ok
POL-USDC	0	0.005500	0.082700	2026-04-15 00:00:00 UTC	ok
ETC-USDC	0	-0.004200	8.290000	2026-04-15 00:00:00 UTC	ok
TONCOIN-USDC	0	0.005500	1.375100	2026-04-15 00:00:00 UTC	ok
BANANAS31-USDT	0	0.005000	0.010431	2026-04-15 00:00:00 UTC	ok
BR-USDT	0	0.003500	0.170160	2026-04-15 00:00:00 UTC	ok
STRK-USDC	0	0.000200	0.032000	2026-04-15 00:00:00 UTC	ok
DOT-USDC	0	-0.118800	1.156000	2026-04-15 00:00:00 UTC	ok
AEVO-USDC	0	0.005500	0.022610	2026-04-15 00:00:00 UTC	ok
XLM-USDC	0	0.001700	0.154450	2026-04-15 00:00:00 UTC	ok
SIREN-USDT	0	-0.006600	0.681560	2026-04-14 22:00:00 UTC	ok
BROCCOLIF3B-USDT	0	0.058500	0.004856	2026-04-15 00:00:00 UTC	ok
ORCA-USDT	0	0.003500	0.878000	2026-04-15 00:00:00 UTC	ok
PLUME-USDT	0	0.005000	0.011750	2026-04-15 00:00:00 UTC	ok
SHIB-USDC	0	-0.016600	0.000006	2026-04-15 00:00:00 UTC	ok
ADA-USDC	0	-0.008600	0.240400	2026-04-15 00:00:00 UTC	ok
HBAR-USDC	0	-0.012000	0.084770	2026-04-15 00:00:00 UTC	ok
CRV-USDC	0	0.011000	0.212300	2026-04-15 00:00:00 UTC	ok
TRX-USDC	0	0.005500	0.323340	2026-04-15 00:00:00 UTC	ok
APT-USDC	0	0.011000	0.853300	2026-04-15 00:00:00 UTC	ok
UNI-USDC	0	-0.015800	3.111000	2026-04-15 00:00:00 UTC	ok
EIGEN-USDC	0	0.005500	0.158200	2026-04-15 00:00:00 UTC	ok
PARTI-USDT	0	0.005000	0.042930	2026-04-15 00:00:00 UTC	ok
AAVE-USDC	0	0.003700	97.950000	2026-04-15 00:00:00 UTC	ok
PNUT-USDC	0	0.001200	0.043630	2026-04-15 00:00:00 UTC	ok
PAXG-USDT	0	-0.000400	4826.830000	2026-04-15 00:00:00 UTC	ok
WAL-USDT	0	0.005000	0.067520	2026-04-15 00:00:00 UTC	ok
IP-USDC	0	-0.024200	0.495100	2026-04-15 00:00:00 UTC	ok
KAITO-USDC	0	0.004400	0.423700	2026-04-15 00:00:00 UTC	ok
FARTCOIN-USDC	0	0.005500	0.194600	2026-04-15 00:00:00 UTC	ok
MLN-USDT	0	0.005000	3.072000	2026-04-15 00:00:00 UTC	ok
GUN-USDT	0	0.005000	0.015390	2026-04-15 00:00:00 UTC	ok
XAUT-USDT	0	0.005000	4810.000000	2026-04-15 00:00:00 UTC	ok
BABY-USDT	0	0.005000	0.014230	2026-04-15 00:00:00 UTC	ok
PROMPT-USDT	0	0.005000	0.031430	2026-04-15 00:00:00 UTC	ok
PUMPBTC-USDT	0	0.019100	0.020120	2026-04-15 00:00:00 UTC	ok
STO-USDT	0	0.005000	0.117520	2026-04-15 00:00:00 UTC	ok
KERNEL-USDT	0	-0.010500	0.083210	2026-04-15 00:00:00 UTC	ok
WCT-USDT	0	0.005000	0.055420	2026-04-15 00:00:00 UTC	ok
DEEP-USDT	0	0.005000	0.028750	2026-04-15 00:00:00 UTC	ok
INIT-USDT	0	0.005000	0.079900	2026-04-15 00:00:00 UTC	ok
BANK-USDT	0	0.005000	0.037747	2026-04-15 00:00:00 UTC	ok
HYPERLANE-USDT	0	0.005000	0.095600	2026-04-15 00:00:00 UTC	ok
ZORA-USDT	0	0.005000	0.013660	2026-04-15 00:00:00 UTC	ok
SIGN-USDT	0	0.000200	0.028420	2026-04-15 00:00:00 UTC	ok
AIOT-USDT	0	0.066900	0.062070	2026-04-15 00:00:00 UTC	ok
HAEDAL-USDT	0	0.005000	0.028824	2026-04-15 00:00:00 UTC	ok
DOLO-USDT	0	0.005000	0.031746	2026-04-15 00:00:00 UTC	ok
ASR-USDT	0	0.005000	1.269000	2026-04-15 00:00:00 UTC	ok
ALPINE-USDT	0	0.005000	0.422600	2026-04-15 00:00:00 UTC	ok
B2-USDT	0	0.005000	0.669300	2026-04-15 00:00:00 UTC	ok
SYRUP-USDT	0	0.005000	0.219340	2026-04-15 00:00:00 UTC	ok
SXT-USDT	0	0.005000	0.016350	2026-04-15 00:00:00 UTC	ok
DOOD-USDT	0	0.005000	0.002987	2026-04-15 00:00:00 UTC	ok
OG-USDT	0	-0.123100	3.328000	2026-04-15 00:00:00 UTC	ok
ZKJ-USDT	0	0.003500	0.019340	2026-04-15 00:00:00 UTC	ok
SKYAI-USDT	0	0.064900	0.124110	2026-04-15 00:00:00 UTC	ok
MYX-USDT	0	0.012600	0.293200	2026-04-15 00:00:00 UTC	ok
NXPC-USDT	0	-0.014000	0.279060	2026-04-15 00:00:00 UTC	ok
AWE-USDT	0	0.005000	0.051861	2026-04-15 00:00:00 UTC	ok
B-USDT	0	0.005000	0.112150	2026-04-15 00:00:00 UTC	ok
SOON-USDT	0	0.005000	0.127130	2026-04-15 00:00:00 UTC	ok
HUMA-USDT	0	0.003500	0.017004	2026-04-15 00:00:00 UTC	ok
A-USDT	0	0.005000	0.077580	2026-04-15 00:00:00 UTC	ok
SOPH-USDT	0	0.005000	0.008304	2026-04-15 00:00:00 UTC	ok
FLOCK-USDT	0	0.005000	0.056310	2026-04-15 00:00:00 UTC	ok
LA-USDT	0	0.005000	0.157900	2026-04-15 00:00:00 UTC	ok
1000000BOB-USDT	0	0.019200	0.012680	2026-04-15 00:00:00 UTC	ok
RESOLV-USDT	0	-0.001400	0.034210	2026-04-15 00:00:00 UTC	ok
HOME-USDT	0	-0.021400	0.018825	2026-04-15 00:00:00 UTC	ok
IDOL-USDT	0	0.005000	0.021680	2026-04-15 00:00:00 UTC	ok
TAIKO-USDT	0	0.003500	0.115700	2026-04-15 00:00:00 UTC	ok
SQD-USDT	0	0.005000	0.030470	2026-04-15 00:00:00 UTC	ok
SPK-USDT	0	0.005000	0.021340	2026-04-15 00:00:00 UTC	ok
F-USDT	0	0.003500	0.005379	2026-04-15 00:00:00 UTC	ok
SAHARA-USDT	0	0.004700	0.022140	2026-04-15 00:00:00 UTC	ok
H-USDT	0	0.005000	0.095270	2026-04-15 00:00:00 UTC	ok
HFT-USDT	0	0.010000	0.013060	2026-04-15 00:00:00 UTC	ok
USELESS-USDT	0	0.005000	0.043020	2026-04-15 00:00:00 UTC	ok
AAPLX-USDT	0	-0.006000	258.900000	2026-04-15 00:00:00 UTC	ok
ICNT-USDT	0	0.005000	0.289200	2026-04-15 00:00:00 UTC	ok
NVDAX-USDT	0	0.006000	196.110000	2026-04-15 00:00:00 UTC	ok
CRCLX-USDT	0	0.006000	106.070000	2026-04-15 00:00:00 UTC	ok
METAX-USDT	0	0.006000	662.120000	2026-04-15 00:00:00 UTC	ok
M-USDT	0	0.002500	2.893000	2026-04-15 00:00:00 UTC	ok
PUMP-USDT	0	0.005000	0.001821	2026-04-15 00:00:00 UTC	ok
AIN-USDT	0	0.081300	0.070130	2026-04-15 00:00:00 UTC	ok
CROSS-USDT	0	0.012900	0.074360	2026-04-15 00:00:00 UTC	ok
C-USDT	0	-0.015900	0.072720	2026-04-15 00:00:00 UTC	ok
VELVET-USDT	0	0.005000	0.090210	2026-04-15 00:00:00 UTC	ok
TAC-USDT	0	0.029700	0.005912	2026-04-15 00:00:00 UTC	ok
ERA-USDT	0	0.005000	0.124800	2026-04-15 00:00:00 UTC	ok
TA-USDT	0	0.026900	0.041900	2026-04-15 00:00:00 UTC	ok
PENGU-USDC	0	0.004600	0.006782	2026-04-15 00:00:00 UTC	ok
TAG-USDT	0	0.003500	0.000713	2026-04-15 00:00:00 UTC	ok
ESPORTS-USDT	0	0.005000	0.398180	2026-04-15 00:00:00 UTC	ok
TREE-USDT	0	-0.120200	0.066800	2026-04-15 00:00:00 UTC	ok
NAORIS-USDT	0	0.005000	0.053620	2026-04-15 00:00:00 UTC	ok
PLAYSOUT-USDT	0	0.054500	0.103310	2026-04-15 00:00:00 UTC	ok
TOWNS-USDT	0	0.005000	0.003290	2026-04-15 00:00:00 UTC	ok
PROVE-USDT	0	-0.035600	0.222900	2026-04-15 00:00:00 UTC	ok
MNT-USDT	0	-0.007200	0.652180	2026-04-15 00:00:00 UTC	ok
IN-USDT	0	-0.157000	0.076910	2026-04-15 00:00:00 UTC	ok
XNY-USDT	0	0.050200	0.004877	2026-04-15 00:00:00 UTC	ok
DAM-USDT	0	0.005000	0.052590	2026-04-15 00:00:00 UTC	ok
NCFXEUR2JPY-USDT	0	-0.004000	187.320000	2026-04-15 00:00:00 UTC	ok
SAPIEN-USDT	0	0.003500	0.076200	2026-04-15 00:00:00 UTC	ok
XPL-USDT	0	0.005000	0.133300	2026-04-15 00:00:00 UTC	ok
WLFI-USDT	0	0.005000	0.080000	2026-04-15 00:00:00 UTC	ok
SOMI-USDT	0	0.005000	0.166400	2026-04-15 00:00:00 UTC	ok
BAS-USDT	0	0.055400	0.006808	2026-04-15 00:00:00 UTC	ok
NCFXEUR2USD-USDT	0	-0.004800	1.179610	2026-04-15 00:00:00 UTC	ok
NCFXUSD2JPY-USDT	0	0.004000	158.787000	2026-04-15 00:00:00 UTC	ok
NCFXNZD2USD-USDT	0	-0.004000	0.590000	2026-04-15 00:00:00 UTC	ok
NCFXEUR2CAD-USDT	0	0.004000	1.624070	2026-04-15 00:00:00 UTC	ok
NCFXGBP2JPY-USDT	0	-0.004000	215.463000	2026-04-15 00:00:00 UTC	ok
NCFXGBP2USD-USDT	0	-0.004000	1.356770	2026-04-15 00:00:00 UTC	ok
NCFXUSD2CHF-USDT	0	0.004000	0.781000	2026-04-15 00:00:00 UTC	ok
NCFXUSD2CAD-USDT	0	-0.004000	1.376800	2026-04-15 00:00:00 UTC	ok
NCFXAUD2USD-USDT	0	-0.004000	0.711900	2026-04-15 00:00:00 UTC	ok
HEMI-USDT	0	0.005000	0.007823	2026-04-15 00:00:00 UTC	ok
LINEA-USDT	0	0.005000	0.003282	2026-04-15 00:00:00 UTC	ok
Q-USDT	0	0.027500	0.009164	2026-04-15 00:00:00 UTC	ok
ARIA-USDT	0	0.046100	0.104210	2026-04-14 22:00:00 UTC	ok
TAKE-USDT	0	0.005000	0.024760	2026-04-15 00:00:00 UTC	ok
MORI-USDT	0	-0.009500	0.004690	2026-04-15 00:00:00 UTC	ok
PTB-USDT	0	0.057000	0.001120	2026-04-15 00:00:00 UTC	ok
WLFI-USDC	0	0.005500	0.080100	2026-04-15 00:00:00 UTC	ok
OPENLEDGER-USDT	0	0.005000	0.205800	2026-04-15 00:00:00 UTC	ok
SKY-USDT	0	0.005000	0.073950	2026-04-15 00:00:00 UTC	ok
AVNT-USDT	0	-0.005700	0.129050	2026-04-15 00:00:00 UTC	ok
HOLO-USDT	0	-0.037000	0.058400	2026-04-15 00:00:00 UTC	ok
XPIN-USDT	0	0.024200	0.001556	2026-04-15 00:00:00 UTC	ok
UB-USDT	0	0.086200	0.024192	2026-04-15 00:00:00 UTC	ok
ZKC-USDT	0	-0.008500	0.073200	2026-04-15 00:00:00 UTC	ok
BARD-USDT	0	-0.254200	0.310900	2026-04-15 00:00:00 UTC	ok
STBL-USDT	0	0.092900	0.039750	2026-04-15 00:00:00 UTC	ok
0G-USDT	0	-0.484100	0.606500	2026-04-15 00:00:00 UTC	ok
AIA-USDT	0	0.084000	0.093440	2026-04-15 00:00:00 UTC	ok
ASTER-USDT	0	0.005000	0.663600	2026-04-15 00:00:00 UTC	ok
TRADOOR-USDT	0	0.019400	5.338000	2026-04-15 00:00:00 UTC	ok
GIGGLE-USDT	0	0.011300	45.380000	2026-04-15 00:00:00 UTC	ok
RIVER-USDT	0	0.005000	8.850000	2026-04-15 00:00:00 UTC	ok
BLESS-USDT	0	0.156800	0.017700	2026-04-15 00:00:00 UTC	ok
FLUID-USDT	0	0.005000	1.572700	2026-04-15 00:00:00 UTC	ok
COAI-USDT	0	0.005000	0.398000	2026-04-15 00:00:00 UTC	ok
MIRANETWORK-USDT	0	0.005000	0.081300	2026-04-15 00:00:00 UTC	ok
HANA-USDT	0	0.058000	0.041960	2026-04-15 00:00:00 UTC	ok
AKE-USDT	0	0.044500	0.000662	2026-04-15 00:00:00 UTC	ok
BITLIGHT-USDT	0	0.068700	0.173670	2026-04-15 00:00:00 UTC	ok
APEX-USDT	0	0.005000	0.276000	2026-04-15 00:00:00 UTC	ok
XAN-USDT	0	0.005000	0.009138	2026-04-15 00:00:00 UTC	ok
FF-USDT	0	0.005000	0.077680	2026-04-15 00:00:00 UTC	ok
OPENEDEN-USDT	0	0.005000	0.033920	2026-04-15 00:00:00 UTC	ok
NOMINA-USDT	0	-0.002000	0.003347	2026-04-14 22:00:00 UTC	ok
TRUTH-USDT	0	0.105000	0.009744	2026-04-15 00:00:00 UTC	ok
2Z-USDT	0	-0.028300	0.077910	2026-04-15 00:00:00 UTC	ok
4-USDT	0	0.005000	0.009830	2026-04-15 00:00:00 UTC	ok
EVAA-USDT	0	0.064200	0.820500	2026-04-15 00:00:00 UTC	ok
LYN-USDT	0	0.063000	0.052620	2026-04-15 00:00:00 UTC	ok
KGEN-USDT	0	0.005000	0.156850	2026-04-15 00:00:00 UTC	ok
MONAD-USDT	0	0.003500	0.034030	2026-04-15 00:00:00 UTC	ok
METEORA-USDT	0	0.005000	0.133800	2026-04-15 00:00:00 UTC	ok
YB-USDT	0	0.005000	0.112200	2026-04-15 00:00:00 UTC	ok
NCCOGOLD2USD-USDT	0	0.010000	4838.170000	2026-04-15 00:00:00 UTC	ok
ENSO-USDT	0	0.005000	0.847200	2026-04-15 00:00:00 UTC	ok
CLO-USDT	0	0.061700	0.079000	2026-04-15 00:00:00 UTC	ok
LAB-USDT	0	0.003500	0.508070	2026-04-15 00:00:00 UTC	ok
RECALL-USDT	0	0.005000	0.046480	2026-04-15 00:00:00 UTC	ok
ZBT-USDT	0	0.005100	0.110400	2026-04-15 00:00:00 UTC	ok
BNLIFE-USDT	0	0.005000	0.330290	2026-04-15 00:00:00 UTC	ok
BLUAI-USDT	0	0.005000	0.008917	2026-04-15 00:00:00 UTC	ok
TURTLE-USDT	0	0.005000	0.044520	2026-04-15 00:00:00 UTC	ok
APR-USDT	0	0.043400	0.277830	2026-04-15 00:00:00 UTC	ok
ON-USDT	0	0.017300	0.138230	2026-04-15 00:00:00 UTC	ok
AT-USDT	0	0.005000	0.170350	2026-04-15 00:00:00 UTC	ok
NCFXEUR2GBP-USDT	0	0.004000	0.869320	2026-04-15 00:00:00 UTC	ok
NCFXEUR2CHF-USDT	0	-0.004000	0.921400	2026-04-15 00:00:00 UTC	ok
NCFXAUD2JPY-USDT	0	-0.004000	113.044000	2026-04-15 00:00:00 UTC	ok
NCFXGBP2CHF-USDT	0	-0.004000	1.059880	2026-04-15 00:00:00 UTC	ok
MMT-USDT	0	0.003700	0.134000	2026-04-15 00:00:00 UTC	ok
CLANKER-USDT	0	0.005000	26.650000	2026-04-15 00:00:00 UTC	ok
KITE-USDT	0	0.028200	0.136440	2026-04-15 00:00:00 UTC	ok
CC-USDT	0	0.005000	0.145520	2026-04-15 00:00:00 UTC	ok
BEAT-USDT	0	0.016100	0.356900	2026-04-15 00:00:00 UTC	ok
NCSKTSLA2USD-USDT	0	0.032200	364.660000	2026-04-15 00:00:00 UTC	ok
NCSKMSFT2USD-USDT	0	0.003200	393.010000	2026-04-15 00:00:00 UTC	ok
NCSKGOOGL2USD-USDT	0	0.012400	332.990000	2026-04-15 00:00:00 UTC	ok
NCSKARM2USD-USDT	0	0.010000	160.760000	2026-04-15 00:00:00 UTC	ok
NCSKAMZN2USD-USDT	0	0.010000	248.830000	2026-04-15 00:00:00 UTC	ok
NCSKINTC2USD-USDT	0	0.010000	63.730000	2026-04-15 00:00:00 UTC	ok
TRUST-USDT	0	0.005000	0.069300	2026-04-15 00:00:00 UTC	ok
UAI-USDT	0	0.005000	0.246000	2026-04-15 00:00:00 UTC	ok
STABLE-USDT	0	0.005000	0.025694	2026-04-15 00:00:00 UTC	ok
FOLKS-USDT	0	0.005000	1.335000	2026-04-15 00:00:00 UTC	ok
ELIZAOS-USDT	0	-0.014000	0.000792	2026-04-15 00:00:00 UTC	ok
TIMI-USDT	0	0.100400	0.001302	2026-04-14 22:00:00 UTC	ok
JCT-USDT	0	0.005000	0.003768	2026-04-15 00:00:00 UTC	ok
ALLO-USDT	0	0.005000	0.109200	2026-04-15 00:00:00 UTC	ok
NCSKAAPL2USD-USDT	0	0.010000	258.690000	2026-04-15 00:00:00 UTC	ok
NCSKCOIN2USD-USDT	0	0.010000	184.850000	2026-04-15 00:00:00 UTC	ok
NCSKNVDA2USD-USDT	0	0.010000	196.460000	2026-04-15 00:00:00 UTC	ok
NCSKMETA2USD-USDT	0	0.010000	662.470000	2026-04-15 00:00:00 UTC	ok
NCSKHOOD2USD-USDT	0	0.018300	79.810000	2026-04-15 00:00:00 UTC	ok
NCSKCRCL2USD-USDT	0	0.040000	106.040000	2026-04-15 00:00:00 UTC	ok
NCSKPLTR2USD-USDT	0	0.010000	135.540000	2026-04-15 00:00:00 UTC	ok
NCSKCSCO2USD-USDT	0	0.010000	82.510000	2026-04-15 00:00:00 UTC	ok
NCSKACN2USD-USDT	0	0.010000	190.260000	2026-04-15 00:00:00 UTC	ok
NCSKASML2USD-USDT	0	0.020000	1523.410000	2026-04-15 00:00:00 UTC	ok
NCSKORCL2USD-USDT	0	0.020000	163.370000	2026-04-15 00:00:00 UTC	ok
NCSKRDDT2USD-USDT	0	0.010000	154.700000	2026-04-15 00:00:00 UTC	ok
NCSKMRVL2USD-USDT	0	-0.020000	134.240000	2026-04-15 00:00:00 UTC	ok
NCSKAPP2USD-USDT	0	0.010000	433.310000	2026-04-15 00:00:00 UTC	ok
NCSKIBM2USD-USDT	0	0.010000	239.850000	2026-04-15 00:00:00 UTC	ok
NCSKGME2USD-USDT	0	0.010000	24.010000	2026-04-15 00:00:00 UTC	ok
NCSKGE2USD-USDT	0	-0.011400	317.630000	2026-04-15 00:00:00 UTC	ok
NCSKMCD2USD-USDT	0	0.010000	303.320000	2026-04-15 00:00:00 UTC	ok
NCSKMSTR2USD-USDT	0	0.010000	138.290000	2026-04-15 00:00:00 UTC	ok
PIEVERSE-USDT	0	0.047300	0.433200	2026-04-15 00:00:00 UTC	ok
SENT-USDT	0	-0.015800	0.015330	2026-04-15 00:00:00 UTC	ok
SUP-USDT	0	0.010000	0.003960	2026-04-14 22:00:00 UTC	ok
ZEC-USDC	0	0.011000	348.660000	2026-04-15 00:00:00 UTC	ok
GOBOB-USDT	0	0.005000	0.007858	2026-04-15 00:00:00 UTC	ok
REAL-USDT	0	0.010000	0.069290	2026-04-14 22:00:00 UTC	ok
IRYS-USDT	0	0.005000	0.028315	2026-04-15 00:00:00 UTC	ok
NCSINASDAQ1002USD-USDT	0	-0.020000	25825.200000	2026-04-15 00:00:00 UTC	ok
NCSISP5002USD-USDT	0	-0.020000	6965.970000	2026-04-15 00:00:00 UTC	ok
GUA-USDT	0	0.278400	0.656350	2026-04-15 00:00:00 UTC	ok
WET-USDT	0	-0.020800	0.139750	2026-04-15 00:00:00 UTC	ok
POWER-USDT	0	0.047600	0.091870	2026-04-15 00:00:00 UTC	ok
ULTIMA-USDT	0	0.020000	4344.400000	2026-04-15 00:00:00 UTC	ok
WHITEWHALE-USDT	0	0.005000	0.007364	2026-04-15 00:00:00 UTC	ok
NCSINIKKEI2252USD-USDT	0	-0.004000	58746.700000	2026-04-15 00:00:00 UTC	ok
NCSIRUSSELL20002USD-USDT	0	-0.004000	2707.500000	2026-04-15 00:00:00 UTC	ok
NCSIDOWJONES2USD-USDT	0	-0.004000	48567.500000	2026-04-15 00:00:00 UTC	ok
NIGHT-USDT	0	-0.025800	0.035840	2026-04-15 00:00:00 UTC	ok
CYS-USDT	0	0.042700	0.326700	2026-04-15 00:00:00 UTC	ok
US-USDT	0	0.005000	0.005190	2026-04-15 00:00:00 UTC	ok
RAVE-USDT	0	-0.470400	15.118030	2026-04-14 22:00:00 UTC	ok
MAGMA-USDT	0	0.024800	0.187660	2026-04-15 00:00:00 UTC	ok
IR-USDT	0	0.003500	0.043130	2026-04-15 00:00:00 UTC	ok
ZKP-USDT	0	0.003000	0.072360	2026-04-15 00:00:00 UTC	ok
LIGHTER-USDT	0	0.005000	1.021000	2026-04-15 00:00:00 UTC	ok
COLLECT-USDT	0	0.016300	0.032740	2026-04-15 00:00:00 UTC	ok
BREV-USDT	0	0.005000	0.120000	2026-04-15 00:00:00 UTC	ok
NCFXGBPSGD2USD-USDT	0	0.004000	1.725700	2026-04-15 00:00:00 UTC	ok
NCFXEURSGD2USD-USDT	0	0.001000	1.500000	2026-04-15 00:00:00 UTC	ok
NCFXUSDSGD2USD-USDT	0	0.004000	1.271800	2026-04-15 00:00:00 UTC	ok
ZAMA-USDT	0	-0.019500	0.032200	2026-04-15 00:00:00 UTC	ok
FOGO-USDT	0	0.005000	0.018320	2026-04-15 00:00:00 UTC	ok
WOTAMALAILE-USDT	0	0.006500	0.009833	2026-04-15 00:00:00 UTC	ok
TESTICLE-USDT	0	0.011800	0.009830	2026-04-15 00:00:00 UTC	ok
FRAX-USDT	0	0.005000	0.430300	2026-04-15 00:00:00 UTC	ok
OWL-USDT	0	-0.080000	0.004300	2026-04-15 00:00:00 UTC	ok
SPORTFUN-USDT	0	0.023500	0.038190	2026-04-15 00:00:00 UTC	ok
BUTTCOIN-USDT	0	-0.009600	0.010480	2026-04-15 00:00:00 UTC	ok
XUEQIU-USDT	0	0.010000	0.015090	2026-04-14 22:00:00 UTC	ok
ELSA-USDT	0	0.005000	0.066970	2026-04-15 00:00:00 UTC	ok
ACU-USDT	0	0.085100	0.096800	2026-04-15 00:00:00 UTC	ok
SKR-USDT	0	0.005000	0.016029	2026-04-15 00:00:00 UTC	ok
NCFXUSD2NOK-USDT	0	0.004000	9.458620	2026-04-15 00:00:00 UTC	ok
NCFXUSD2ZAR-USDT	0	0.004000	16.336220	2026-04-15 00:00:00 UTC	ok
NCFXUSD2SEK-USDT	0	-0.004000	9.185600	2026-04-15 00:00:00 UTC	ok
NCFXUSD2TRY-USDT	0	0.004000	44.752260	2026-04-15 00:00:00 UTC	ok
NCFXCAD2JPY-USDT	0	0.004000	115.333000	2026-04-15 00:00:00 UTC	ok
NCFXUSD2MXN-USDT	0	0.004000	17.270000	2026-04-15 00:00:00 UTC	ok
NCFXNZD2JPY-USDT	0	0.004000	93.700000	2026-04-15 00:00:00 UTC	ok
NCFXUSD2DKK-USDT	0	0.004000	6.334300	2026-04-15 00:00:00 UTC	ok
FIXIN1DAY-USDT	0	0.010000	0.000342	2026-04-14 22:00:00 UTC	ok
GWEI-USDT	0	0.152800	0.068803	2026-04-15 00:00:00 UTC	ok
FIGHTID-USDT	0	0.005000	0.003882	2026-04-15 00:00:00 UTC	ok
MGO-USDT	0	0.010000	0.017520	2026-04-14 22:00:00 UTC	ok
SPACECOIN-USDT	0	0.009900	0.004970	2026-04-15 00:00:00 UTC	ok
PENGUIN-USDT	0	0.020000	0.003130	2026-04-15 00:00:00 UTC	ok
COPPERINU-USDT	0	0.010000	0.003560	2026-04-14 22:00:00 UTC	ok
BIRB-USDT	0	0.005000	0.130340	2026-04-15 00:00:00 UTC	ok
INX-USDT	0	0.005000	0.012504	2026-04-15 00:00:00 UTC	ok
KIN-USDT	0	0.010000	0.005270	2026-04-14 22:00:00 UTC	ok
TRIA-USDT	0	0.067300	0.028420	2026-04-15 00:00:00 UTC	ok
ESP-USDT	0	0.005000	0.073730	2026-04-15 00:00:00 UTC	ok
NCCOXAG2USD-USDT	0	0.010000	79.530000	2026-04-15 00:00:00 UTC	ok
AZTEC-USDT	0	0.005000	0.021400	2026-04-15 00:00:00 UTC	ok
NCSKMU2USD-USDT	0	0.011700	462.490000	2026-04-15 00:00:00 UTC	ok
OPN-USDT	0	0.005000	0.155700	2026-04-15 00:00:00 UTC	ok
CRTR-USDT	0	0.013100	0.006570	2026-04-15 00:00:00 UTC	ok
MAXXING-USDT	0	0.010000	0.002575	2026-04-14 22:00:00 UTC	ok
ROBO-USDT	0	0.005000	0.019310	2026-04-15 00:00:00 UTC	ok
CFG-USDT	0	0.005000	0.203300	2026-04-15 00:00:00 UTC	ok
PIGEON-USDT	0	0.010000	0.001800	2026-04-14 22:00:00 UTC	ok
FREEDOMMONEY-USDT	0	-0.010000	0.011323	2026-04-14 22:00:00 UTC	ok
KAT-USDT	0	0.005000	0.007920	2026-04-15 00:00:00 UTC	ok
HODL-USDT	0	-0.010000	0.003931	2026-04-14 22:00:00 UTC	ok
BTW-USDT	0	0.009200	0.016845	2026-04-15 00:00:00 UTC	ok
FAI-USDT	0	-0.009300	0.003649	2026-04-15 00:00:00 UTC	ok
BSB-USDT	0	0.005000	0.217650	2026-04-15 00:00:00 UTC	ok
MANTRA-USDT	0	-0.005300	0.010470	2026-04-15 00:00:00 UTC	ok
NCCO1OILBRENT2USD-USDT	0	-0.019900	92.780000	2026-04-15 00:00:00 UTC	ok
WHATTHEDOGDOING-USDT	0	-0.010000	0.003252	2026-04-14 22:00:00 UTC	ok
LONGXIA-USDT	0	0.025100	0.009297	2026-04-15 00:00:00 UTC	ok
SHAPE-USDT	0	0.010000	0.000130	2026-04-14 22:00:00 UTC	ok
DISTORTED-USDT	0	0.020000	0.000112	2026-04-15 00:00:00 UTC	ok
SN3-USDT	0	0.011500	0.000727	2026-04-15 00:00:00 UTC	ok
NCCOXPT2USD-USDT	0	0.010000	2109.520000	2026-04-15 00:00:00 UTC	ok
ACX-USDT	0	0.005000	0.041120	2026-04-15 00:00:00 UTC	ok
NCCO724OILBRENT2USD-USDT	0	-0.019900	90.780000	2026-04-15 00:00:00 UTC	ok
UNITAS-USDT	0	-0.010000	0.185650	2026-04-14 22:00:00 UTC	ok
BP-USDT	0	0.005000	0.146960	2026-04-15 00:00:00 UTC	ok
NCSIEWY2USD-USDT	0	0.010000	146.340000	2026-04-15 00:00:00 UTC	ok
NCSIEWJ2USD-USDT	0	-0.013580	89.190000	2026-04-15 00:00:00 UTC	ok
EDGEX-USDT	0	0.039600	0.994700	2026-04-15 00:00:00 UTC	ok
CHECK-USDT	0	-0.020000	0.039580	2026-04-15 00:00:00 UTC	ok
NCSI724NASDAQ1002USD-USDT	0	-0.020000	25824.000000	2026-04-15 00:00:00 UTC	ok
NCSI724SP5002USD-USDT	0	-0.040000	6970.100000	2026-04-15 00:00:00 UTC	ok
CHIBI-USDT	0	0.020000	0.000282	2026-04-15 00:00:00 UTC	ok
LOL-USDT	0	0.014000	0.006100	2026-04-15 00:00:00 UTC	ok
NCSKJPM2USD-USDT	0	-0.014000	314.090000	2026-04-15 00:00:00 UTC	ok
NCSKGS2USD-USDT	0	-0.014000	915.190000	2026-04-15 00:00:00 UTC	ok
7-USDT	0	0.010000	0.000021	2026-04-14 22:00:00 UTC	ok
IQ-USDT	0	0.013300	0.001035	2026-04-15 00:00:00 UTC	ok
PRL-USDT	0	0.019020	0.175100	2026-04-15 00:00:00 UTC	ok
BASED-USDT	0	0.005000	0.070500	2026-04-15 00:00:00 UTC	ok
STEEM-USDT	0	0.005000	0.056900	2026-04-15 00:00:00 UTC	ok
R2-USDT	0	0.020000	0.003380	2026-04-15 00:00:00 UTC	ok
AMP-USDT	0	-0.009500	0.000855	2026-04-15 00:00:00 UTC	ok
MEZO-USDT	0	0.008700	0.098870	2026-04-15 00:00:00 UTC	ok
PUMPCADE-USDT	0	0.014000	0.034750	2026-04-15 00:00:00 UTC	ok
EITHER-USDT	0	-0.010000	0.111900	2026-04-14 22:00:00 UTC	ok
BURNIE-USDT	0	0.010000	0.003988	2026-04-14 22:00:00 UTC	ok
NCCO7241OILWTI2USD-USDT	0	-0.040000	88.720000	2026-04-15 00:00:00 UTC	ok
NCSKSNDK2USD-USDT	0	0.011580	937.750000	2026-04-15 00:00:00 UTC	ok
OFC-USDT	0	-0.174800	0.047550	2026-04-15 00:00:00 UTC	ok
NCSKSPACEXV2USD-USDT	0	0.040000	1685.600000	2026-04-15 00:00:00 UTC	ok
BULLSOL-USDT	0	0.020000	0.006829	2026-04-15 00:00:00 UTC	ok
GENIUS-USDT	0	0.020000	0.569400	2026-04-15 00:00:00 UTC	ok
